{"3": [0.0030090808868408203, 0.0030002593994140625, 0.005001068115234375, 0.005000114440917969, 0.007017612457275391, 0.003995656967163086, 0.0039920806884765625, 0.003002166748046875, 0.0015039443969726562, 0.006005764007568359, 0.003996849060058594, 0.005991220474243164, 0.0062940120697021484, 0.0039980411529541016, 0.0020084381103515625, 0.0030007362365722656, 0.004992008209228516, 0.004400491714477539, 0.0039997100830078125, 0.005913734436035156, 0.0050051212310791016, 0.0030007362365722656, 0.004018068313598633, 0.00598907470703125, 0.0030069351196289062, 0.004999637603759766, 0.005000591278076172, 0.004002571105957031, 0.004971027374267578, 0.0060079097747802734, 0.005000114440917969, 0.004952192306518555, 0.006998777389526367, 0.00399327278137207, 0.004506111145019531, 0.00441741943359375, 0.003981351852416992, 0.011002540588378906, 0.0060083866119384766, 0.003999948501586914, 0.005034446716308594, 0.004523754119873047, 0.004273176193237305, 0.0030045509338378906, 0.003587007522583008, 0.004002809524536133, 0.0049991607666015625, 0.0050013065338134766, 0.004999399185180664, 0.0040853023529052734, 0.002505064010620117, 0.0049932003021240234, 0.00400090217590332, 0.004970550537109375, 0.004999399185180664, 0.0019996166229248047, 0.003997087478637695, 0.00398564338684082, 0.004990339279174805, 0.004098653793334961, 0.0035066604614257812, 0.0029976367950439453, 0.0059967041015625, 0.0049207210540771484, 0.003007173538208008, 0.0039141178131103516, 0.0040128231048583984, 0.002205371856689453, 0.005074024200439453, 0.003999471664428711, 0.004998683929443359, 0.003998279571533203, 0.0060024261474609375, 0.005132913589477539, 0.005000591278076172, 0.004503726959228516, 0.0029993057250976562, 0.0055196285247802734, 0.003998756408691406, 0.007001399993896484, 0.00390934944152832, 0.012998819351196289, 0.004992246627807617, 0.003996610641479492, 0.004083871841430664, 0.0040056705474853516, 0.004000663757324219, 0.003992795944213867, 0.0030069351196289062, 0.005022287368774414, 0.004999399185180664, 0.0049893856048583984], "8": [0.007383823394775391, 0.020961523056030273, 0.0070073604583740234, 0.014000654220581055, 0.00890040397644043, 0.02717137336730957, 0.01315760612487793, 0.007915019989013672, 0.024993896484375, 0.013997554779052734, 0.0050127506256103516, 0.0049936771392822266, 0.013099431991577148, 0.008380651473999023, 0.017642974853515625, 0.011502981185913086, 0.0235135555267334, 0.029018163681030273, 0.007084846496582031, 0.021127700805664062, 0.014932870864868164, 0.04600334167480469, 0.020000457763671875, 0.0059926509857177734, 0.006907463073730469, 0.02100062370300293, 0.012720108032226562, 0.008005857467651367, 0.011996269226074219, 0.006546497344970703, 0.014005422592163086, 0.021916866302490234, 0.010000944137573242, 0.008638620376586914, 0.02614569664001465, 0.007426738739013672, 0.006394863128662109, 0.0054934024810791016, 0.005999088287353516, 0.03191423416137695, 0.012000083923339844, 0.005930423736572266, 0.026000261306762695, 0.01300191879272461, 0.007978200912475586, 0.011999368667602539, 0.010919332504272461, 0.016517162322998047, 0.009999513626098633, 0.030156373977661133, 0.0060198307037353516, 0.014999628067016602, 0.013507366180419922, 0.01751089096069336, 0.0049974918365478516, 0.010991573333740234, 0.005999088287353516, 0.0162200927734375, 0.011000394821166992, 0.032001495361328125, 0.013027429580688477, 0.027512311935424805, 0.008131742477416992, 0.03242683410644531, 0.0051076412200927734, 0.007335662841796875, 0.006917715072631836, 0.013906478881835938, 0.031502485275268555, 0.0029990673065185547, 0.01399993896484375, 0.015071868896484375, 0.009000301361083984, 0.023647069931030273, 0.013000011444091797, 0.005005598068237305, 0.014091014862060547, 0.02100515365600586, 0.013319015502929688, 0.006999492645263672, 0.011029720306396484, 0.009991645812988281, 0.008984088897705078, 0.012992143630981445, 0.007010698318481445, 0.005009174346923828, 0.0059931278228759766, 0.005004405975341797, 0.00600886344909668, 0.007992029190063477, 0.008919239044189453, 0.020587682723999023, 0.020342588424682617, 0.007000446319580078, 0.011010885238647461, 0.038184165954589844, 0.011736392974853516, 0.026498079299926758, 0.049344539642333984, 0.018999576568603516, 0.007927179336547852, 0.015027523040771484, 0.00799250602722168, 0.013153314590454102, 0.00500035285949707, 0.005998849868774414, 0.005997180938720703, 0.02232527732849121, 0.012999534606933594, 0.018281221389770508, 0.01799917221069336], "4": [0.005001544952392578, 0.002999544143676758, 0.003999471664428711, 0.00400090217590332, 0.0049321651458740234, 0.005037546157836914, 0.009875059127807617, 0.003007650375366211, 0.0030069351196289062, 0.004998683929443359, 0.005001068115234375, 0.004998922348022461, 0.0030219554901123047, 0.004992485046386719, 0.004828214645385742, 0.006999015808105469, 0.005493879318237305, 0.0040018558502197266, 0.0029993057250976562, 0.00599980354309082, 0.003016233444213867, 0.0070111751556396484, 0.004977226257324219, 0.004537105560302734, 0.0050013065338134766, 0.0059986114501953125, 0.006060123443603516, 0.005002021789550781, 0.005075693130493164, 0.00572967529296875, 0.0039980411529541016, 0.002998828887939453, 0.005010843276977539, 0.0031197071075439453, 0.0020017623901367188, 0.010998725891113281, 0.009000778198242188, 0.005001544952392578, 0.00201416015625, 0.004002571105957031], "18": [0.009814023971557617, 0.1259167194366455, 0.02099752426147461, 0.02234053611755371, 0.08923697471618652, 0.04908585548400879, 0.05085277557373047, 0.019697904586791992, 0.01790785789489746, 0.03772282600402832, 0.01799750328063965, 0.01999807357788086, 0.026710033416748047, 0.019961833953857422, 0.042385101318359375, 0.041486501693725586, 0.09236454963684082, 0.06254863739013672, 0.08501577377319336, 0.043784141540527344, 0.02600550651550293, 0.04851341247558594], "21": [0.026098251342773438, 0.03275346755981445, 0.020740270614624023, 0.02440810203552246, 0.05952262878417969, 0.1620311737060547, 0.15949344635009766, 0.046402931213378906, 0.022003650665283203, 0.07147026062011719, 0.0355222225189209, 0.034990787506103516, 0.044493913650512695, 0.034363746643066406, 0.012997150421142578, 0.07763504981994629, 0.03697514533996582, 0.08852481842041016], "12": [0.01399993896484375, 0.0256345272064209, 0.02277374267578125, 0.022479534149169922, 0.012917041778564453, 0.013912677764892578, 0.029003143310546875, 0.03847074508666992, 0.027277708053588867, 0.014994144439697266, 0.012346744537353516, 0.012506961822509766, 0.015701770782470703, 0.03387808799743652, 0.019002914428710938, 0.014992713928222656, 0.013000011444091797, 0.04468965530395508, 0.013603925704956055, 0.026431798934936523, 0.03264498710632324, 0.011347293853759766, 0.011958122253417969, 0.009515523910522461, 0.01809096336364746, 0.01654362678527832, 0.019106149673461914, 0.015511274337768555, 0.012501716613769531, 0.01905679702758789, 0.006917715072631836, 0.012011289596557617, 0.015994787216186523], "15": [0.10615181922912598, 0.01198434829711914, 0.013004064559936523, 0.04413127899169922, 0.019563674926757812, 0.025333881378173828, 0.023062944412231445, 0.014911413192749023, 0.01905226707458496, 0.01822495460510254, 0.014000415802001953, 0.03704690933227539, 0.030032873153686523, 0.04999804496765137, 0.011197090148925781, 0.03529620170593262, 0.017002344131469727, 0.023172855377197266, 0.010534524917602539, 0.02400374412536621, 0.1619429588317871, 0.01572394371032715, 0.008002042770385742, 0.015006065368652344, 0.015834569931030273, 0.025002002716064453], "20": [0.2317824363708496, 0.04199838638305664, 0.0179595947265625, 0.04200005531311035, 0.09153056144714355, 0.029124736785888672, 0.0510096549987793, 0.10850095748901367], "19": [0.09809279441833496, 0.018002748489379883, 0.08885717391967773, 0.041999101638793945, 0.022385120391845703, 0.0445098876953125, 0.060538291931152344, 0.019011735916137695, 0.02528977394104004, 0.01991581916809082, 0.031415700912475586, 0.02700066566467285],